date,plot_value_pct,actual_volume_yoy_pct,forecast_volume_yoy_pct,lower_95_pct,upper_95_pct,data_type,model,year,month_number,month_name,year_month
1997-01-01,4.5,4.5,,,,Historical,Observed,1997,1,January,1997-01
1997-02-01,3.1,3.1,,,,Historical,Observed,1997,2,February,1997-02
1997-03-01,3.7,3.7,,,,Historical,Observed,1997,3,March,1997-03
1997-04-01,3.0,3.0,,,,Historical,Observed,1997,4,April,1997-04
1997-05-01,3.2,3.2,,,,Historical,Observed,1997,5,May,1997-05
1997-06-01,3.6,3.6,,,,Historical,Observed,1997,6,June,1997-06
1997-07-01,4.0,4.0,,,,Historical,Observed,1997,7,July,1997-07
1997-08-01,3.0,3.0,,,,Historical,Observed,1997,8,August,1997-08
1997-09-01,1.6,1.6,,,,Historical,Observed,1997,9,September,1997-09
1997-10-01,3.7,3.7,,,,Historical,Observed,1997,10,October,1997-10
1997-11-01,3.1,3.1,,,,Historical,Observed,1997,11,November,1997-11
1997-12-01,6.3,6.3,,,,Historical,Observed,1997,12,December,1997-12
1998-01-01,4.9,4.9,,,,Historical,Observed,1998,1,January,1998-01
1998-02-01,3.8,3.8,,,,Historical,Observed,1998,2,February,1998-02
1998-03-01,2.3,2.3,,,,Historical,Observed,1998,3,March,1998-03
1998-04-01,1.7,1.7,,,,Historical,Observed,1998,4,April,1998-04
1998-05-01,3.0,3.0,,,,Historical,Observed,1998,5,May,1998-05
1998-06-01,0.4,0.4,,,,Historical,Observed,1998,6,June,1998-06
1998-07-01,1.3,1.3,,,,Historical,Observed,1998,7,July,1998-07
1998-08-01,3.3,3.3,,,,Historical,Observed,1998,8,August,1998-08
1998-09-01,2.6,2.6,,,,Historical,Observed,1998,9,September,1998-09
1998-10-01,0.4,0.4,,,,Historical,Observed,1998,10,October,1998-10
1998-11-01,0.7,0.7,,,,Historical,Observed,1998,11,November,1998-11
1998-12-01,-1.1,-1.1,,,,Historical,Observed,1998,12,December,1998-12
1999-01-01,0.7,0.7,,,,Historical,Observed,1999,1,January,1999-01
1999-02-01,0.5,0.5,,,,Historical,Observed,1999,2,February,1999-02
1999-03-01,0.5,0.5,,,,Historical,Observed,1999,3,March,1999-03
1999-04-01,1.2,1.2,,,,Historical,Observed,1999,4,April,1999-04
1999-05-01,1.6,1.6,,,,Historical,Observed,1999,5,May,1999-05
1999-06-01,3.1,3.1,,,,Historical,Observed,1999,6,June,1999-06
1999-07-01,2.0,2.0,,,,Historical,Observed,1999,7,July,1999-07
1999-08-01,1.8,1.8,,,,Historical,Observed,1999,8,August,1999-08
1999-09-01,2.0,2.0,,,,Historical,Observed,1999,9,September,1999-09
1999-10-01,3.4,3.4,,,,Historical,Observed,1999,10,October,1999-10
1999-11-01,3.6,3.6,,,,Historical,Observed,1999,11,November,1999-11
1999-12-01,5.8,5.8,,,,Historical,Observed,1999,12,December,1999-12
2000-01-01,5.9,5.9,,,,Historical,Observed,2000,1,January,2000-01
2000-02-01,4.4,4.4,,,,Historical,Observed,2000,2,February,2000-02
2000-03-01,5.1,5.1,,,,Historical,Observed,2000,3,March,2000-03
2000-04-01,6.3,6.3,,,,Historical,Observed,2000,4,April,2000-04
2000-05-01,3.8,3.8,,,,Historical,Observed,2000,5,May,2000-05
2000-06-01,3.2,3.2,,,,Historical,Observed,2000,6,June,2000-06
2000-07-01,3.0,3.0,,,,Historical,Observed,2000,7,July,2000-07
2000-08-01,4.1,4.1,,,,Historical,Observed,2000,8,August,2000-08
2000-09-01,4.3,4.3,,,,Historical,Observed,2000,9,September,2000-09
2000-10-01,4.0,4.0,,,,Historical,Observed,2000,10,October,2000-10
2000-11-01,3.5,3.5,,,,Historical,Observed,2000,11,November,2000-11
2000-12-01,3.5,3.5,,,,Historical,Observed,2000,12,December,2000-12
2001-01-01,2.4,2.4,,,,Historical,Observed,2001,1,January,2001-01
2001-02-01,7.7,7.7,,,,Historical,Observed,2001,2,February,2001-02
2001-03-01,7.5,7.5,,,,Historical,Observed,2001,3,March,2001-03
2001-04-01,6.1,6.1,,,,Historical,Observed,2001,4,April,2001-04
2001-05-01,9.5,9.5,,,,Historical,Observed,2001,5,May,2001-05
2001-06-01,9.1,9.1,,,,Historical,Observed,2001,6,June,2001-06
2001-07-01,10.2,10.2,,,,Historical,Observed,2001,7,July,2001-07
2001-08-01,8.5,8.5,,,,Historical,Observed,2001,8,August,2001-08
2001-09-01,9.3,9.3,,,,Historical,Observed,2001,9,September,2001-09
2001-10-01,9.4,9.4,,,,Historical,Observed,2001,10,October,2001-10
2001-11-01,10.6,10.6,,,,Historical,Observed,2001,11,November,2001-11
2001-12-01,11.5,11.5,,,,Historical,Observed,2001,12,December,2001-12
2002-01-01,9.3,9.3,,,,Historical,Observed,2002,1,January,2002-01
2002-02-01,7.6,7.6,,,,Historical,Observed,2002,2,February,2002-02
2002-03-01,7.3,7.3,,,,Historical,Observed,2002,3,March,2002-03
2002-04-01,8.6,8.6,,,,Historical,Observed,2002,4,April,2002-04
2002-05-01,5.7,5.7,,,,Historical,Observed,2002,5,May,2002-05
2002-06-01,4.8,4.8,,,,Historical,Observed,2002,6,June,2002-06
2002-07-01,6.0,6.0,,,,Historical,Observed,2002,7,July,2002-07
2002-08-01,5.5,5.5,,,,Historical,Observed,2002,8,August,2002-08
2002-09-01,5.3,5.3,,,,Historical,Observed,2002,9,September,2002-09
2002-10-01,5.1,5.1,,,,Historical,Observed,2002,10,October,2002-10
2002-11-01,4.8,4.8,,,,Historical,Observed,2002,11,November,2002-11
2002-12-01,1.4,1.4,,,,Historical,Observed,2002,12,December,2002-12
2003-01-01,2.7,2.7,,,,Historical,Observed,2003,1,January,2003-01
2003-02-01,1.3,1.3,,,,Historical,Observed,2003,2,February,2003-02
2003-03-01,1.8,1.8,,,,Historical,Observed,2003,3,March,2003-03
2003-04-01,0.2,0.2,,,,Historical,Observed,2003,4,April,2003-04
2003-05-01,1.0,1.0,,,,Historical,Observed,2003,5,May,2003-05
2003-06-01,3.8,3.8,,,,Historical,Observed,2003,6,June,2003-06
2003-07-01,2.5,2.5,,,,Historical,Observed,2003,7,July,2003-07
2003-08-01,2.6,2.6,,,,Historical,Observed,2003,8,August,2003-08
2003-09-01,3.3,3.3,,,,Historical,Observed,2003,9,September,2003-09
2003-10-01,2.9,2.9,,,,Historical,Observed,2003,10,October,2003-10
2003-11-01,2.0,2.0,,,,Historical,Observed,2003,11,November,2003-11
2003-12-01,4.0,4.0,,,,Historical,Observed,2003,12,December,2003-12
2004-01-01,5.2,5.2,,,,Historical,Observed,2004,1,January,2004-01
2004-02-01,4.5,4.5,,,,Historical,Observed,2004,2,February,2004-02
2004-03-01,4.5,4.5,,,,Historical,Observed,2004,3,March,2004-03
2004-04-01,5.2,5.2,,,,Historical,Observed,2004,4,April,2004-04
2004-05-01,5.5,5.5,,,,Historical,Observed,2004,5,May,2004-05
2004-06-01,4.9,4.9,,,,Historical,Observed,2004,6,June,2004-06
2004-07-01,4.3,4.3,,,,Historical,Observed,2004,7,July,2004-07
2004-08-01,4.8,4.8,,,,Historical,Observed,2004,8,August,2004-08
2004-09-01,4.2,4.2,,,,Historical,Observed,2004,9,September,2004-09
2004-10-01,4.0,4.0,,,,Historical,Observed,2004,10,October,2004-10
2004-11-01,3.7,3.7,,,,Historical,Observed,2004,11,November,2004-11
2004-12-01,3.3,3.3,,,,Historical,Observed,2004,12,December,2004-12
2005-01-01,1.7,1.7,,,,Historical,Observed,2005,1,January,2005-01
2005-02-01,2.0,2.0,,,,Historical,Observed,2005,2,February,2005-02
2005-03-01,0.8,0.8,,,,Historical,Observed,2005,3,March,2005-03
2005-04-01,0.8,0.8,,,,Historical,Observed,2005,4,April,2005-04
2005-05-01,0.3,0.3,,,,Historical,Observed,2005,5,May,2005-05
2005-06-01,0.1,0.1,,,,Historical,Observed,2005,6,June,2005-06
2005-07-01,-0.1,-0.1,,,,Historical,Observed,2005,7,July,2005-07
2005-08-01,-1.3,-1.3,,,,Historical,Observed,2005,8,August,2005-08
2005-09-01,-1.4,-1.4,,,,Historical,Observed,2005,9,September,2005-09
2005-10-01,-1.1,-1.1,,,,Historical,Observed,2005,10,October,2005-10
2005-11-01,0.3,0.3,,,,Historical,Observed,2005,11,November,2005-11
2005-12-01,0.3,0.3,,,,Historical,Observed,2005,12,December,2005-12
2006-01-01,1.1,1.1,,,,Historical,Observed,2006,1,January,2006-01
2006-02-01,1.0,1.0,,,,Historical,Observed,2006,2,February,2006-02
2006-03-01,2.8,2.8,,,,Historical,Observed,2006,3,March,2006-03
2006-04-01,1.9,1.9,,,,Historical,Observed,2006,4,April,2006-04
2006-05-01,2.8,2.8,,,,Historical,Observed,2006,5,May,2006-05
2006-06-01,2.4,2.4,,,,Historical,Observed,2006,6,June,2006-06
2006-07-01,2.5,2.5,,,,Historical,Observed,2006,7,July,2006-07
2006-08-01,3.3,3.3,,,,Historical,Observed,2006,8,August,2006-08
2006-09-01,2.7,2.7,,,,Historical,Observed,2006,9,September,2006-09
2006-10-01,3.5,3.5,,,,Historical,Observed,2006,10,October,2006-10
2006-11-01,2.7,2.7,,,,Historical,Observed,2006,11,November,2006-11
2006-12-01,3.7,3.7,,,,Historical,Observed,2006,12,December,2006-12
2007-01-01,1.8,1.8,,,,Historical,Observed,2007,1,January,2007-01
2007-02-01,3.2,3.2,,,,Historical,Observed,2007,2,February,2007-02
2007-03-01,2.9,2.9,,,,Historical,Observed,2007,3,March,2007-03
2007-04-01,3.8,3.8,,,,Historical,Observed,2007,4,April,2007-04
2007-05-01,2.3,2.3,,,,Historical,Observed,2007,5,May,2007-05
2007-06-01,2.0,2.0,,,,Historical,Observed,2007,6,June,2007-06
2007-07-01,2.3,2.3,,,,Historical,Observed,2007,7,July,2007-07
2007-08-01,2.9,2.9,,,,Historical,Observed,2007,8,August,2007-08
2007-09-01,3.3,3.3,,,,Historical,Observed,2007,9,September,2007-09
2007-10-01,1.4,1.4,,,,Historical,Observed,2007,10,October,2007-10
2007-11-01,1.4,1.4,,,,Historical,Observed,2007,11,November,2007-11
2007-12-01,0.2,0.2,,,,Historical,Observed,2007,12,December,2007-12
2008-01-01,1.8,1.8,,,,Historical,Observed,2008,1,January,2008-01
2008-02-01,2.7,2.7,,,,Historical,Observed,2008,2,February,2008-02
2008-03-01,-0.5,-0.5,,,,Historical,Observed,2008,3,March,2008-03
2008-04-01,-1.9,-1.9,,,,Historical,Observed,2008,4,April,2008-04
2008-05-01,1.9,1.9,,,,Historical,Observed,2008,5,May,2008-05
2008-06-01,-2.0,-2.0,,,,Historical,Observed,2008,6,June,2008-06
2008-07-01,-1.6,-1.6,,,,Historical,Observed,2008,7,July,2008-07
2008-08-01,-1.9,-1.9,,,,Historical,Observed,2008,8,August,2008-08
2008-09-01,-2.2,-2.2,,,,Historical,Observed,2008,9,September,2008-09
2008-10-01,-1.7,-1.7,,,,Historical,Observed,2008,10,October,2008-10
2008-11-01,-1.6,-1.6,,,,Historical,Observed,2008,11,November,2008-11
2008-12-01,-0.4,-0.4,,,,Historical,Observed,2008,12,December,2008-12
2009-01-01,-0.3,-0.3,,,,Historical,Observed,2009,1,January,2009-01
2009-02-01,-4.1,-4.1,,,,Historical,Observed,2009,2,February,2009-02
2009-03-01,-1.2,-1.2,,,,Historical,Observed,2009,3,March,2009-03
2009-04-01,-0.1,-0.1,,,,Historical,Observed,2009,4,April,2009-04
2009-05-01,-2.9,-2.9,,,,Historical,Observed,2009,5,May,2009-05
2009-06-01,1.5,1.5,,,,Historical,Observed,2009,6,June,2009-06
2009-07-01,1.4,1.4,,,,Historical,Observed,2009,7,July,2009-07
2009-08-01,1.4,1.4,,,,Historical,Observed,2009,8,August,2009-08
2009-09-01,1.2,1.2,,,,Historical,Observed,2009,9,September,2009-09
2009-10-01,1.9,1.9,,,,Historical,Observed,2009,10,October,2009-10
2009-11-01,0.9,0.9,,,,Historical,Observed,2009,11,November,2009-11
2009-12-01,-0.7,-0.7,,,,Historical,Observed,2009,12,December,2009-12
2010-01-01,-4.2,-4.2,,,,Historical,Observed,2010,1,January,2010-01
2010-02-01,0.5,0.5,,,,Historical,Observed,2010,2,February,2010-02
2010-03-01,-0.8,-0.8,,,,Historical,Observed,2010,3,March,2010-03
2010-04-01,-0.5,-0.5,,,,Historical,Observed,2010,4,April,2010-04
2010-05-01,-0.4,-0.4,,,,Historical,Observed,2010,5,May,2010-05
2010-06-01,-1.1,-1.1,,,,Historical,Observed,2010,6,June,2010-06
2010-07-01,-1.2,-1.2,,,,Historical,Observed,2010,7,July,2010-07
2010-08-01,-1.2,-1.2,,,,Historical,Observed,2010,8,August,2010-08
2010-09-01,-2.2,-2.2,,,,Historical,Observed,2010,9,September,2010-09
2010-10-01,-2.0,-2.0,,,,Historical,Observed,2010,10,October,2010-10
2010-11-01,-1.5,-1.5,,,,Historical,Observed,2010,11,November,2010-11
2010-12-01,-2.4,-2.4,,,,Historical,Observed,2010,12,December,2010-12
2011-01-01,2.5,2.5,,,,Historical,Observed,2011,1,January,2011-01
2011-02-01,-0.9,-0.9,,,,Historical,Observed,2011,2,February,2011-02
2011-03-01,-0.2,-0.2,,,,Historical,Observed,2011,3,March,2011-03
2011-04-01,0.6,0.6,,,,Historical,Observed,2011,4,April,2011-04
2011-05-01,-1.6,-1.6,,,,Historical,Observed,2011,5,May,2011-05
2011-06-01,-1.8,-1.8,,,,Historical,Observed,2011,6,June,2011-06
2011-07-01,-1.7,-1.7,,,,Historical,Observed,2011,7,July,2011-07
2011-08-01,-2.1,-2.1,,,,Historical,Observed,2011,8,August,2011-08
2011-09-01,-0.7,-0.7,,,,Historical,Observed,2011,9,September,2011-09
2011-10-01,-0.3,-0.3,,,,Historical,Observed,2011,10,October,2011-10
2011-11-01,-0.6,-0.6,,,,Historical,Observed,2011,11,November,2011-11
2011-12-01,2.1,2.1,,,,Historical,Observed,2011,12,December,2011-12
2012-01-01,-0.1,-0.1,,,,Historical,Observed,2012,1,January,2012-01
2012-02-01,-0.5,-0.5,,,,Historical,Observed,2012,2,February,2012-02
2012-03-01,1.6,1.6,,,,Historical,Observed,2012,3,March,2012-03
2012-04-01,-2.4,-2.4,,,,Historical,Observed,2012,4,April,2012-04
2012-05-01,0.5,0.5,,,,Historical,Observed,2012,5,May,2012-05
2012-06-01,1.0,1.0,,,,Historical,Observed,2012,6,June,2012-06
2012-07-01,0.5,0.5,,,,Historical,Observed,2012,7,July,2012-07
2012-08-01,0.8,0.8,,,,Historical,Observed,2012,8,August,2012-08
2012-09-01,1.0,1.0,,,,Historical,Observed,2012,9,September,2012-09
2012-10-01,-0.7,-0.7,,,,Historical,Observed,2012,10,October,2012-10
2012-11-01,-0.8,-0.8,,,,Historical,Observed,2012,11,November,2012-11
2012-12-01,-1.3,-1.3,,,,Historical,Observed,2012,12,December,2012-12
2013-01-01,-1.2,-1.2,,,,Historical,Observed,2013,1,January,2013-01
2013-02-01,1.3,1.3,,,,Historical,Observed,2013,2,February,2013-02
2013-03-01,-2.0,-2.0,,,,Historical,Observed,2013,3,March,2013-03
2013-04-01,0.5,0.5,,,,Historical,Observed,2013,4,April,2013-04
2013-05-01,0.8,0.8,,,,Historical,Observed,2013,5,May,2013-05
2013-06-01,1.4,1.4,,,,Historical,Observed,2013,6,June,2013-06
2013-07-01,1.7,1.7,,,,Historical,Observed,2013,7,July,2013-07
2013-08-01,0.9,0.9,,,,Historical,Observed,2013,8,August,2013-08
2013-09-01,1.5,1.5,,,,Historical,Observed,2013,9,September,2013-09
2013-10-01,1.4,1.4,,,,Historical,Observed,2013,10,October,2013-10
2013-11-01,2.6,2.6,,,,Historical,Observed,2013,11,November,2013-11
2013-12-01,2.8,2.8,,,,Historical,Observed,2013,12,December,2013-12
2014-01-01,3.1,3.1,,,,Historical,Observed,2014,1,January,2014-01
2014-02-01,2.1,2.1,,,,Historical,Observed,2014,2,February,2014-02
2014-03-01,4.5,4.5,,,,Historical,Observed,2014,3,March,2014-03
2014-04-01,4.2,4.2,,,,Historical,Observed,2014,4,April,2014-04
2014-05-01,3.6,3.6,,,,Historical,Observed,2014,5,May,2014-05
2014-06-01,3.0,3.0,,,,Historical,Observed,2014,6,June,2014-06
2014-07-01,3.0,3.0,,,,Historical,Observed,2014,7,July,2014-07
2014-08-01,4.1,4.1,,,,Historical,Observed,2014,8,August,2014-08
2014-09-01,2.2,2.2,,,,Historical,Observed,2014,9,September,2014-09
2014-10-01,4.4,4.4,,,,Historical,Observed,2014,10,October,2014-10
2014-11-01,4.4,4.4,,,,Historical,Observed,2014,11,November,2014-11
2014-12-01,6.2,6.2,,,,Historical,Observed,2014,12,December,2014-12
2015-01-01,5.4,5.4,,,,Historical,Observed,2015,1,January,2015-01
2015-02-01,4.7,4.7,,,,Historical,Observed,2015,2,February,2015-02
2015-03-01,3.7,3.7,,,,Historical,Observed,2015,3,March,2015-03
2015-04-01,4.8,4.8,,,,Historical,Observed,2015,4,April,2015-04
2015-05-01,4.0,4.0,,,,Historical,Observed,2015,5,May,2015-05
2015-06-01,3.9,3.9,,,,Historical,Observed,2015,6,June,2015-06
2015-07-01,3.8,3.8,,,,Historical,Observed,2015,7,July,2015-07
2015-08-01,2.9,2.9,,,,Historical,Observed,2015,8,August,2015-08
2015-09-01,6.0,6.0,,,,Historical,Observed,2015,9,September,2015-09
2015-10-01,3.8,3.8,,,,Historical,Observed,2015,10,October,2015-10
2015-11-01,3.8,3.8,,,,Historical,Observed,2015,11,November,2015-11
2015-12-01,1.5,1.5,,,,Historical,Observed,2015,12,December,2015-12
2016-01-01,5.2,5.2,,,,Historical,Observed,2016,1,January,2016-01
2016-02-01,4.0,4.0,,,,Historical,Observed,2016,2,February,2016-02
2016-03-01,3.8,3.8,,,,Historical,Observed,2016,3,March,2016-03
2016-04-01,3.7,3.7,,,,Historical,Observed,2016,4,April,2016-04
2016-05-01,5.2,5.2,,,,Historical,Observed,2016,5,May,2016-05
2016-06-01,3.8,3.8,,,,Historical,Observed,2016,6,June,2016-06
2016-07-01,5.6,5.6,,,,Historical,Observed,2016,7,July,2016-07
2016-08-01,6.0,6.0,,,,Historical,Observed,2016,8,August,2016-08
2016-09-01,4.2,4.2,,,,Historical,Observed,2016,9,September,2016-09
2016-10-01,7.0,7.0,,,,Historical,Observed,2016,10,October,2016-10
2016-11-01,5.5,5.5,,,,Historical,Observed,2016,11,November,2016-11
2016-12-01,4.9,4.9,,,,Historical,Observed,2016,12,December,2016-12
2017-01-01,1.1,1.1,,,,Historical,Observed,2017,1,January,2017-01
2017-02-01,2.7,2.7,,,,Historical,Observed,2017,2,February,2017-02
2017-03-01,2.3,2.3,,,,Historical,Observed,2017,3,March,2017-03
2017-04-01,3.5,3.5,,,,Historical,Observed,2017,4,April,2017-04
2017-05-01,0.7,0.7,,,,Historical,Observed,2017,5,May,2017-05
2017-06-01,2.7,2.7,,,,Historical,Observed,2017,6,June,2017-06
2017-07-01,0.6,0.6,,,,Historical,Observed,2017,7,July,2017-07
2017-08-01,2.0,2.0,,,,Historical,Observed,2017,8,August,2017-08
2017-09-01,1.3,1.3,,,,Historical,Observed,2017,9,September,2017-09
2017-10-01,-0.1,-0.1,,,,Historical,Observed,2017,10,October,2017-10
2017-11-01,0.8,0.8,,,,Historical,Observed,2017,11,November,2017-11
2017-12-01,1.4,1.4,,,,Historical,Observed,2017,12,December,2017-12
2018-01-01,1.6,1.6,,,,Historical,Observed,2018,1,January,2018-01
2018-02-01,1.5,1.5,,,,Historical,Observed,2018,2,February,2018-02
2018-03-01,0.3,0.3,,,,Historical,Observed,2018,3,March,2018-03
2018-04-01,0.4,0.4,,,,Historical,Observed,2018,4,April,2018-04
2018-05-01,3.6,3.6,,,,Historical,Observed,2018,5,May,2018-05
2018-06-01,2.2,2.2,,,,Historical,Observed,2018,6,June,2018-06
2018-07-01,3.3,3.3,,,,Historical,Observed,2018,7,July,2018-07
2018-08-01,2.6,2.6,,,,Historical,Observed,2018,8,August,2018-08
2018-09-01,2.4,2.4,,,,Historical,Observed,2018,9,September,2018-09
2018-10-01,1.5,1.5,,,,Historical,Observed,2018,10,October,2018-10
2018-11-01,2.7,2.7,,,,Historical,Observed,2018,11,November,2018-11
2018-12-01,2.6,2.6,,,,Historical,Observed,2018,12,December,2018-12
2019-01-01,3.7,3.7,,,,Historical,Observed,2019,1,January,2019-01
2019-02-01,3.6,3.6,,,,Historical,Observed,2019,2,February,2019-02
2019-03-01,6.3,6.3,,,,Historical,Observed,2019,3,March,2019-03
2019-04-01,4.3,4.3,,,,Historical,Observed,2019,4,April,2019-04
2019-05-01,1.6,1.6,,,,Historical,Observed,2019,5,May,2019-05
2019-06-01,3.3,3.3,,,,Historical,Observed,2019,6,June,2019-06
2019-07-01,3.4,3.4,,,,Historical,Observed,2019,7,July,2019-07
2019-08-01,2.4,2.4,,,,Historical,Observed,2019,8,August,2019-08
2019-09-01,2.7,2.7,,,,Historical,Observed,2019,9,September,2019-09
2019-10-01,2.8,2.8,,,,Historical,Observed,2019,10,October,2019-10
2019-11-01,1.0,1.0,,,,Historical,Observed,2019,11,November,2019-11
2019-12-01,1.9,1.9,,,,Historical,Observed,2019,12,December,2019-12
2020-01-01,1.6,1.6,,,,Historical,Observed,2020,1,January,2020-01
2020-02-01,0.7,0.7,,,,Historical,Observed,2020,2,February,2020-02
2020-03-01,-6.4,-6.4,,,,Historical,Observed,2020,3,March,2020-03
2020-04-01,-23.0,-23.0,,,,Historical,Observed,2020,4,April,2020-04
2020-05-01,-11.8,-11.8,,,,Historical,Observed,2020,5,May,2020-05
2020-06-01,-2.2,-2.2,,,,Historical,Observed,2020,6,June,2020-06
2020-07-01,1.6,1.6,,,,Historical,Observed,2020,7,July,2020-07
2020-08-01,3.9,3.9,,,,Historical,Observed,2020,8,August,2020-08
2020-09-01,5.4,5.4,,,,Historical,Observed,2020,9,September,2020-09
2020-10-01,6.9,6.9,,,,Historical,Observed,2020,10,October,2020-10
2020-11-01,2.6,2.6,,,,Historical,Observed,2020,11,November,2020-11
2020-12-01,2.4,2.4,,,,Historical,Observed,2020,12,December,2020-12
2021-01-01,-5.1,-5.1,,,,Historical,Observed,2021,1,January,2021-01
2021-02-01,-3.7,-3.7,,,,Historical,Observed,2021,2,February,2021-02
2021-03-01,6.8,6.8,,,,Historical,Observed,2021,3,March,2021-03
2021-04-01,41.0,41.0,,,,Historical,Observed,2021,4,April,2021-04
2021-05-01,21.7,21.7,,,,Historical,Observed,2021,5,May,2021-05
2021-06-01,9.1,9.1,,,,Historical,Observed,2021,6,June,2021-06
2021-07-01,1.7,1.7,,,,Historical,Observed,2021,7,July,2021-07
2021-08-01,0.4,0.4,,,,Historical,Observed,2021,8,August,2021-08
2021-09-01,-1.0,-1.0,,,,Historical,Observed,2021,9,September,2021-09
2021-10-01,-2.2,-2.2,,,,Historical,Observed,2021,10,October,2021-10
2021-11-01,2.3,2.3,,,,Historical,Observed,2021,11,November,2021-11
2021-12-01,1.4,1.4,,,,Historical,Observed,2021,12,December,2021-12
2022-01-01,8.7,8.7,,,,Historical,Observed,2022,1,January,2022-01
2022-02-01,6.5,6.5,,,,Historical,Observed,2022,2,February,2022-02
2022-03-01,1.6,1.6,,,,Historical,Observed,2022,3,March,2022-03
2022-04-01,-7.2,-7.2,,,,Historical,Observed,2022,4,April,2022-04
2022-05-01,-6.5,-6.5,,,,Historical,Observed,2022,5,May,2022-05
2022-06-01,-7.2,-7.2,,,,Historical,Observed,2022,6,June,2022-06
2022-07-01,-4.8,-4.8,,,,Historical,Observed,2022,7,July,2022-07
2022-08-01,-6.8,-6.8,,,,Historical,Observed,2022,8,August,2022-08
2022-09-01,-8.0,-8.0,,,,Historical,Observed,2022,9,September,2022-09
2022-10-01,-6.5,-6.5,,,,Historical,Observed,2022,10,October,2022-10
2022-11-01,-7.3,-7.3,,,,Historical,Observed,2022,11,November,2022-11
2022-12-01,-7.1,-7.1,,,,Historical,Observed,2022,12,December,2022-12
2023-01-01,-6.3,-6.3,,,,Historical,Observed,2023,1,January,2023-01
2023-02-01,-4.8,-4.8,,,,Historical,Observed,2023,2,February,2023-02
2023-03-01,-5.3,-5.3,,,,Historical,Observed,2023,3,March,2023-03
2023-04-01,-3.2,-3.2,,,,Historical,Observed,2023,4,April,2023-04
2023-05-01,-2.9,-2.9,,,,Historical,Observed,2023,5,May,2023-05
2023-06-01,-2.0,-2.0,,,,Historical,Observed,2023,6,June,2023-06
2023-07-01,-3.4,-3.4,,,,Historical,Observed,2023,7,July,2023-07
2023-08-01,-1.9,-1.9,,,,Historical,Observed,2023,8,August,2023-08
2023-09-01,-1.8,-1.8,,,,Historical,Observed,2023,9,September,2023-09
2023-10-01,-2.4,-2.4,,,,Historical,Observed,2023,10,October,2023-10
2023-11-01,0.1,0.1,,,,Historical,Observed,2023,11,November,2023-11
2023-12-01,-3.7,-3.7,,,,Historical,Observed,2023,12,December,2023-12
2024-01-01,-0.6,-0.6,,,,Historical,Observed,2024,1,January,2024-01
2024-02-01,-0.9,-0.9,,,,Historical,Observed,2024,2,February,2024-02
2024-03-01,-0.2,-0.2,,,,Historical,Observed,2024,3,March,2024-03
2024-04-01,-2.6,-2.6,,,,Historical,Observed,2024,4,April,2024-04
2024-05-01,0.9,0.9,,,,Historical,Observed,2024,5,May,2024-05
2024-06-01,-1.5,-1.5,,,,Historical,Observed,2024,6,June,2024-06
2024-07-01,0.6,0.6,,,,Historical,Observed,2024,7,July,2024-07
2024-08-01,0.9,0.9,,,,Historical,Observed,2024,8,August,2024-08
2024-09-01,2.0,2.0,,,,Historical,Observed,2024,9,September,2024-09
2024-10-01,0.8,0.8,,,,Historical,Observed,2024,10,October,2024-10
2024-11-01,-0.8,-0.8,,,,Historical,Observed,2024,11,November,2024-11
2024-12-01,3.1,3.1,,,,Historical,Observed,2024,12,December,2024-12
2025-01-01,-1.4,-1.4,,,,Historical,Observed,2025,1,January,2025-01
2025-02-01,0.7,0.7,,,,Historical,Observed,2025,2,February,2025-02
2025-03-01,2.2,2.2,,,,Historical,Observed,2025,3,March,2025-03
2025-04-01,3.3,3.3,,,,Historical,Observed,2025,4,April,2025-04
2025-05-01,-1.0,-1.0,,,,Historical,Observed,2025,5,May,2025-05
2025-06-01,1.0,1.0,,,,Historical,Observed,2025,6,June,2025-06
2025-07-01,1.7,1.7,,,,Historical,Observed,2025,7,July,2025-07
2025-08-01,0.7,0.7,,,,Historical,Observed,2025,8,August,2025-08
2025-09-01,1.8,1.8,,,,Historical,Observed,2025,9,September,2025-09
2025-10-01,1.7,1.7,,,,Historical,Observed,2025,10,October,2025-10
2025-11-01,1.3,1.3,,,,Historical,Observed,2025,11,November,2025-11
2025-12-01,1.1,1.1,,,,Historical,Observed,2025,12,December,2025-12
2026-01-01,4.3,4.3,,,,Historical,Observed,2026,1,January,2026-01
2026-02-01,1.4,1.4,,,,Historical,Observed,2026,2,February,2026-02
2026-03-01,0.9,0.9,,,,Historical,Observed,2026,3,March,2026-03
2026-04-01,0.0,0.0,,,,Historical,Observed,2026,4,April,2026-04
2026-05-01,3.2,3.2,,,,Historical,Observed,2026,5,May,2026-05
2026-06-01,3.4,3.4,,,,Historical,Observed,2026,6,June,2026-06
2026-07-01,1.2,1.2,,,,Historical,Observed,2026,7,July,2026-07
2026-08-01,2.4,2.4,,,,Historical,Observed,2026,8,August,2026-08
2026-09-01,2.4,,2.4,-0.544895923458077,5.344895923458077,Forecast,Naïve,2026,9,September,2026-09
2026-10-01,2.4,,2.4,-0.544895923458077,5.344895923458077,Forecast,Naïve,2026,10,October,2026-10
2026-11-01,2.4,,2.4,-0.544895923458077,5.344895923458077,Forecast,Naïve,2026,11,November,2026-11
2026-12-01,2.4,,2.4,-0.544895923458077,5.344895923458077,Forecast,Naïve,2026,12,December,2026-12
2027-01-01,2.4,,2.4,-0.544895923458077,5.344895923458077,Forecast,Naïve,2027,1,January,2027-01
2027-02-01,2.4,,2.4,-0.544895923458077,5.344895923458077,Forecast,Naïve,2027,2,February,2027-02
2027-03-01,2.4,,2.4,-0.544895923458077,5.344895923458077,Forecast,Naïve,2027,3,March,2027-03
2027-04-01,2.4,,2.4,-0.544895923458077,5.344895923458077,Forecast,Naïve,2027,4,April,2027-04
2027-05-01,2.4,,2.4,-0.544895923458077,5.344895923458077,Forecast,Naïve,2027,5,May,2027-05
2027-06-01,2.4,,2.4,-0.544895923458077,5.344895923458077,Forecast,Naïve,2027,6,June,2027-06
2027-07-01,2.4,,2.4,-0.544895923458077,5.344895923458077,Forecast,Naïve,2027,7,July,2027-07
2027-08-01,2.4,,2.4,-0.544895923458077,5.344895923458077,Forecast,Naïve,2027,8,August,2027-08
